PROVINCE,COUNTY,DISTRICT,LAT,LON,HOUSEHOLDS,ELECTRICITY,PRESSURE_LAMP,LANTERN,TIN_LAMP,GAS_LAMP,FUEL_WOOD,SOLAR,OTHER
EASTERN,Meru,MERU CENTRAL,0.001443681,37.58330732,0,0,0,0,0,0,0,0,0
WESTERN,Kakamega,KAKAMEGA SOUTH,0.190561619,34.7077479,0,0,0,0,0,0,0,0,0
CENTRAL,Nyandarua,NYANDARUA NORTH,-0.144560572,36.42343108,52503,3332,302,27102,16865,395,214,4173,120
CENTRAL,Nyandarua,NYANDARUA SOUTH,-0.533045224,36.55651343,61936,3741,387,38900,15077,384,103,3256,88
CENTRAL,Nyeri,NYERI NORTH,-0.266587082,36.9811441,81307,11774,775,33686,27884,514,651,5868,155
CENTRAL,Nyeri,NYERI SOUTH,-0.500808092,36.89927916,66028,11250,532,24090,27350,385,222,2132,67
CENTRAL,Kirinyaga,KIRINYAGA,-0.519266797,37.32018369,126665,12612,688,44095,62943,845,370,4933,179
CENTRAL,Murang'a,MURANGA NORTH,-0.675384535,36.98118146,87030,8627,314,36049,38737,524,251,2441,87
CENTRAL,Murang'a,MURANGA SOUTH,-0.845673319,37.05522802,84114,6027,466,33585,41533,389,149,1869,96
CENTRAL,Kiambu,KIAMBU EAST(KIAMBAA),-1.158558742,36.80546766,12468,6055,127,2413,3719,82,13,50,9
CENTRAL,Kiambu,KIKUYU,-1.236882983,36.63360077,251,163,0,39,47,0,0,2,0
CENTRAL,Kiambu,KIAMBU WEST,-1.139177531,36.62625892,13465,5622,34,4296,3274,68,15,136,20
CENTRAL,Kiambu,LARI,-0.92811243,36.67684469,30779,8661,141,12806,8388,97,33,529,124
CENTRAL,Kiambu,GITHUNGURI,-1.066938632,36.79433274,33301,13097,208,11244,8320,127,36,231,38
CENTRAL,Kiambu,THIKA EAST,-1.029757173,37.23100647,19226,1840,175,8392,8159,103,44,440,73
CENTRAL,Kiambu,THIKA WEST,-1.099288796,37.04502993,7283,1313,45,3303,2398,22,16,149,37
CENTRAL,Kiambu,RUIRU,-1.167110142,36.99460397,0,0,0,0,0,0,0,0,0
CENTRAL,Murang'a,GATANGA,-0.876497537,36.88791928,29664,5324,151,14997,8198,215,50,686,43
CENTRAL,Kiambu,GATUNDU,-0.959326055,36.85558237,53749,9008,294,23039,19755,286,123,1206,38
CENTRAL,Nyandarua,NYANDARUA NORTH,-0.144560572,36.42343108,24094,5839,143,11086,5540,102,66,1164,154
CENTRAL,Nyandarua,NYANDARUA SOUTH,-0.533045224,36.55651343,5346,2174,43,2263,743,30,8,60,25
CENTRAL,Nyeri,NYERI NORTH,-0.266587082,36.9811441,14301,8180,80,3268,2456,43,63,143,68
CENTRAL,Nyeri,NYERI SOUTH,-0.500808092,36.89927916,40067,21882,254,8473,8615,96,68,483,196
CENTRAL,Kirinyaga,KIRINYAGA,-0.519266797,37.32018369,27555,12741,340,7494,6173,160,43,416,188
CENTRAL,Murang'a,MURANGA NORTH,-0.675384535,36.98118146,10671,6947,123,1855,1555,25,8,77,81
CENTRAL,Murang'a,MURANGA SOUTH,-0.845673319,37.05522802,30464,6481,247,9228,13674,141,95,521,77
CENTRAL,Kiambu,KIAMBU EAST(KIAMBAA),-1.158558742,36.80546766,62874,45592,355,9056,7333,115,73,136,214
CENTRAL,Kiambu,KIKUYU,-1.236882983,36.63360077,76794,54111,420,13627,7736,253,125,269,253
CENTRAL,Kiambu,KIAMBU WEST,-1.139177531,36.62625892,23077,12101,166,6493,3993,59,26,121,118
CENTRAL,Kiambu,LARI,-0.92811243,36.67684469,0,0,0,0,0,0,0,0,0
CENTRAL,Kiambu,GITHUNGURI,-1.066938632,36.79433274,6049,3452,35,1664,801,6,3,18,70
CENTRAL,Kiambu,THIKA EAST,-1.029757173,37.23100647,1215,1013,6,99,95,1,0,0,1
CENTRAL,Kiambu,THIKA WEST,-1.099288796,37.04502993,64768,39149,667,15862,8170,108,55,235,522
CENTRAL,Kiambu,RUIRU,-1.167110142,36.99460397,75184,53250,650,12978,7415,97,173,283,338
CENTRAL,Murang'a,GATANGA,-0.876497537,36.88791928,547,441,5,70,25,2,2,0,2
CENTRAL,Kiambu,GATUNDU,-0.959326055,36.85558237,1967,1277,22,549,98,4,0,6,11
COAST,Mombasa,MOMBASA,-3.9685,39.6977,0,0,0,0,0,0,0,0,0
COAST,Mombasa,KILINDINI,-4.0383,39.6365,0,0,0,0,0,0,0,0,0
COAST,Kwale ,KWALE,-4.221293887,39.40753681,24506,1509,105,3458,18715,97,182,392,48
COAST,Kwale ,KINANGO,-3.96233059,39.10335046,32394,536,139,3228,27613,104,519,206,49
COAST,Kwale ,MSAMBWENI,-4.397198722,39.16173404,36059,1104,142,3794,29792,124,738,268,97
COAST,Kilifi,KILIFI,-3.494969907,39.60114414,55663,2081,210,6828,44485,321,1343,302,93
COAST,Kilifi,KALOLENI,-3.768179495,39.54477529,33158,1712,117,3324,27428,148,145,265,19
COAST,Kilifi,MALINDI,-2.934879654,39.74330931,38704,1161,112,7414,27759,139,1768,282,69
COAST,Tana River,TANA RIVER,-0.942366175,39.34922935,21389,51,30,3825,13842,465,2027,169,980
COAST,Tana River,TANA DELTA,-2.317407934,39.51654731,18146,336,32,2801,13790,64,667,191,265
COAST,Lamu,LAMU,-2.018858269,40.74388079,17391,759,74,6439,7927,138,539,1131,384
COAST,Taita Taveta,TAITA,-3.416968032,38.56492447,41936,3740,132,21218,14862,182,304,1177,321
COAST,Taita Taveta,TAVETA,-3.41452877,37.97519351,10816,385,41,3575,6362,33,86,285,49
COAST,Mombasa,MOMBASA,-3.9685,39.6977,140535,90073,1412,18531,28926,288,224,215,866
COAST,Mombasa,KILINDINI,-4.0383,39.6365,128165,68515,1336,24526,32310,224,306,170,778
COAST,Kwale ,KWALE,-4.221293887,39.40753681,4053,825,52,673,2420,24,15,30,14
COAST,Kwale ,KINANGO,-3.96233059,39.10335046,1610,299,8,320,935,10,4,31,3
COAST,Kwale ,MSAMBWENI,-4.397198722,39.16173404,23425,8615,267,4590,9643,60,64,71,115
COAST,Kilifi,KILIFI,-3.494969907,39.60114414,28079,11898,283,5998,9453,88,40,99,220
COAST,Kilifi,KALOLENI,-3.768179495,39.54477529,9534,3512,92,2054,3714,43,18,56,45
COAST,Kilifi,MALINDI,-2.934879654,39.74330931,34626,13059,619,8117,12166,172,157,117,219
COAST,Tana River,TANA RIVER,-0.942366175,39.34922935,7235,727,21,2618,3601,74,82,88,24
COAST,Tana River,TANA DELTA,-2.317407934,39.51654731,644,70,3,346,205,1,9,0,10
COAST,Lamu,LAMU,-2.018858269,40.74388079,4793,3008,61,772,825,20,21,42,44
COAST,Taita Taveta,TAITA,-3.416968032,38.56492447,12796,4607,129,5968,1850,33,10,136,63
COAST,Taita Taveta,TAVETA,-3.41452877,37.97519351,5542,1921,51,1834,1658,9,12,40,17
EASTERN,Marsabit,MARSABIT,2.350360288,37.94495682,6558,224,31,3036,2112,163,854,82,56
EASTERN,Marsabit,CHALBI,3.399917155,37.36288736,15586,14,8,1265,707,332,10803,197,2260
EASTERN,Marsabit,LAISAMIS,2.238105939,37.48344825,13248,7,3,1036,325,65,11362,174,276
EASTERN,Marsabit,MOYALE,3.117620629,38.80269655,9752,36,7,3445,2172,452,3555,35,50
EASTERN,Isiolo,ISIOLO,1.255057085,38.46170147,9745,429,5,1881,2021,234,4713,91,371
EASTERN,Isiolo,GARBATULLA,0.627639147,38.65180184,7076,10,9,3084,817,59,2427,65,605
EASTERN,Meru,MERU CENTRAL,0.001443681,37.58330732,37209,5386,242,13967,13360,227,332,3615,80
EASTERN,Meru,IMENTI NORTH,0.083380846,37.43552549,51419,6354,341,21745,17167,556,541,4570,145
EASTERN,Meru,IMENTI SOUTH,-0.122681965,37.60133849,42793,4969,357,14227,19331,255,378,3128,148
EASTERN,Meru,MERU SOUTH,-0.330686401,37.67297626,21157,1013,45,7254,10936,120,627,1046,116
EASTERN,Meru,MAARA,-0.228019729,37.62522793,19509,1029,67,7018,9833,140,254,1121,47
EASTERN,Meru,IGEMBE,0.303772382,38.05720532,91130,3342,487,21526,58499,908,3147,2729,492
EASTERN,Meru,TIGANIA,0.256927453,37.77333779,61666,2080,279,9902,44300,445,1432,3043,185
EASTERN,Tharaka Nithi,THARAKA,-0.136787024,38.01828449,25227,461,84,3415,17023,140,1593,2210,301
EASTERN,Embu,EMBU,-0.409100139,37.50475286,56173,5671,500,20909,26547,321,312,1826,87
EASTERN,Embu,MBEERE,-0.666137176,37.66541038,50579,2116,281,19476,24973,310,689,2322,412
EASTERN,Kitui,KITUI,-1.392710301,38.30094003,67254,1049,442,35834,24343,492,2653,2160,281
EASTERN,Kitui,MUTOMO,-2.179047638,38.53912323,32427,115,154,16693,12945,191,1742,490,97
EASTERN,Kitui,MWINGI,-0.907180566,38.36852014,45445,439,226,27619,12548,334,2063,1909,307
EASTERN,Kitui,KYUSO,-0.440861626,38.27042885,26498,313,170,15541,5618,218,3672,593,373
EASTERN,Machakos,MACHAKOS,-1.50054564,37.16409824,33559,1350,243,22219,8304,172,72,1130,69
EASTERN,Machakos,MWALA,-1.399783931,37.52391049,33760,858,220,19836,11140,245,79,1308,74
EASTERN,Machakos,YATTA,-1.060809489,37.60220541,46905,1625,108,28833,14527,190,185,1335,102
EASTERN,Machakos,KANGUNDO,-1.237582196,37.27203719,0,0,0,0,0,0,0,0,0
RIFT VALLEY,West Pokot,POKOT NORTH,2.039330692,35.10600361,0,0,0,0,0,0,0,0,0
EASTERN,Makueni,MAKUENI,-1.881125246,37.67253055,36541,725,130,25354,8180,173,210,1725,44
EASTERN,Makueni,MBOONI,-1.649117358,37.60666503,36765,623,198,22968,11023,140,155,1610,48
EASTERN,Makueni,KIBWEZI,-2.468788914,38.02538524,45843,1861,173,25955,15563,224,323,1590,154
EASTERN,Makueni,NZAUI,-1.928374635,37.41612392,40654,1105,140,29247,8041,229,360,1447,85
EASTERN,Marsabit,MARSABIT,2.350360288,37.94495682,3447,1630,3,837,655,232,4,33,53
EASTERN,Marsabit,CHALBI,3.399917155,37.36288736,0,0,0,0,0,0,0,0,0
EASTERN,Marsabit,LAISAMIS,2.238105939,37.48344825,1494,8,1,424,61,7,732,92,169
EASTERN,Marsabit,MOYALE,3.117620629,38.80269655,6856,2339,16,3041,921,414,45,65,15
EASTERN,Isiolo,ISIOLO,1.255057085,38.46170147,12718,5309,97,3742,2915,368,56,205,26
EASTERN,Isiolo,GARBATULLA,0.627639147,38.65180184,1787,52,43,1044,360,120,87,68,13
EASTERN,Meru,IMENTI NORTH,0.083380846,37.43552549,21881,13949,205,4015,3217,101,66,245,83
EASTERN,Meru,IMENTI SOUTH,-0.122681965,37.60133849,4404,2782,34,989,480,15,9,45,50
EASTERN,Meru,MERU SOUTH,-0.330686401,37.67297626,12102,2816,91,4778,3408,102,110,719,78
EASTERN,Meru,MAARA,-0.228019729,37.62522793,8642,1733,61,5176,967,48,46,572,39
EASTERN,Meru,IGEMBE,0.303772382,38.05720532,8160,4094,175,2030,1553,95,72,89,52
EASTERN,Meru,TIGANIA,0.256927453,37.77333779,954,457,4,319,147,6,1,16,4
EASTERN,Tharaka Nithi,THARAKA,-0.136787024,38.01828449,2166,365,9,386,1171,14,59,97,65
EASTERN,Embu,EMBU,-0.409100139,37.50475286,23965,11386,199,5910,5758,134,113,353,112
EASTERN,Embu,MBEERE,-0.666137176,37.66541038,966,438,12,217,257,13,0,14,15
EASTERN,Kitui,KITUI,-1.392710301,38.30094003,27526,4940,152,13551,7760,126,148,793,56
EASTERN,Kitui,MUTOMO,-2.179047638,38.53912323,469,13,12,275,109,1,4,13,42
EASTERN,Kitui,MWINGI,-0.907180566,38.36852014,5522,2832,31,1355,1114,10,28,40,112
EASTERN,Kitui,KYUSO,-0.440861626,38.27042885,350,149,5,169,13,0,1,4,9
EASTERN,Machakos,MACHAKOS,-1.50054564,37.16409824,84314,32653,852,34391,14309,256,96,1123,634
EASTERN,Machakos,MWALA,-1.399783931,37.52391049,1833,960,6,491,353,1,0,10,12
EASTERN,Machakos,YATTA,-1.060809489,37.60220541,13307,2625,77,6942,3183,72,25,311,72
EASTERN,Machakos,KANGUNDO,-1.237582196,37.27203719,50822,4996,340,30811,12183,419,108,1756,209
EASTERN,Makueni,MAKUENI,-1.881125246,37.67253055,15463,2055,83,10278,2270,60,63,581,73
EASTERN,Makueni,MBOONI,-1.649117358,37.60666503,537,244,24,201,67,0,1,0,0
EASTERN,Makueni,KIBWEZI,-2.468788914,38.02538524,7136,2905,45,2599,1507,8,8,44,20
EASTERN,Makueni,NZAUI,-1.928374635,37.41612392,3539,1394,23,1389,594,25,16,5,93
NAIROBI,Nairobi,NAIROBI WEST,-1.341174727,36.79920201,0,0,0,0,0,0,0,0,0
NAIROBI,Nairobi,NAIROBI EAST,-1.274861358,36.967484,0,0,0,0,0,0,0,0,0
NAIROBI,Nairobi,NAIROBI NORTH,-1.225618057,36.8911257,0,0,0,0,0,0,0,0,0
NAIROBI,Nairobi,WESTLANDS,-1.246976295,36.7882561,0,0,0,0,0,0,0,0,0
NAIROBI,Nairobi,NAIROBI WEST,-1.341174727,36.79920201,212295,141173,1761,28616,38924,278,160,205,1178
NAIROBI,Nairobi,NAIROBI EAST,-1.274861358,36.967484,369866,264200,4508,54288,42268,521,233,491,3357
NAIROBI,Nairobi,NAIROBI NORTH,-1.225618057,36.8911257,327428,247903,3617,38143,34715,348,187,237,2278
NAIROBI,Nairobi,WESTLANDS,-1.246976295,36.7882561,75427,59583,438,7126,7644,104,42,59,431
NORTH EASTERN,Garissa,GARISSA,-0.051825797,39.56855753,11189,36,11,2020,4218,1054,2223,15,1612
NORTH EASTERN,Garissa,LAGDERA,0.288065622,39.89717479,35534,195,244,7104,9125,9324,6203,61,3278
NORTH EASTERN,Garissa,FAFI,-0.687063677,40.43908059,15583,112,158,3877,6447,2461,788,52,1688
NORTH EASTERN,Garissa,IJARA,-1.427885086,40.73455516,10701,7,20,1761,7884,506,412,15,96
NORTH EASTERN,Wajir,WAJIR SOUTH,0.974263337,40.34314459,17030,14,8,4507,1970,2489,4232,31,3779
NORTH EASTERN,Wajir,WAJIR NORTH,2.931162031,39.5873795,17592,6,25,4378,3855,1519,7474,47,288
NORTH EASTERN,Wajir,WAJIR EAST,2.195672158,40.36685178,18414,8,13,6631,750,1080,8895,31,1006
NORTH EASTERN,Wajir,WAJIR WEST,1.920164855,39.5240015,20716,13,7,6311,5721,2121,5360,24,1159
NORTH EASTERN,Mandera,MANDERA CENTRAL,3.226535113,40.72748791,42017,42,31,11925,5211,3766,19884,67,1091
NORTH EASTERN,Mandera,MANDERA EAST,3.521529392,41.29294811,25892,129,33,8716,3263,4111,6862,51,2727
NORTH EASTERN,Mandera,MANDERA WEST,3.593363344,40.2334622,34273,26,59,11523,3523,1600,17247,64,231
NORTH EASTERN,Garissa,GARISSA,-0.051825797,39.56855753,20929,10920,110,3538,2964,2730,522,53,92
NORTH EASTERN,Garissa,LAGDERA,0.288065622,39.89717479,1849,80,3,883,151,580,87,28,37
NORTH EASTERN,Garissa,FAFI,-0.687063677,40.43908059,326,0,0,265,13,40,0,7,1
NORTH EASTERN,Garissa,IJARA,-1.427885086,40.73455516,2479,55,6,824,840,582,16,133,23
NORTH EASTERN,Wajir,WAJIR SOUTH,0.974263337,40.34314459,1474,275,14,522,20,554,6,5,78
NORTH EASTERN,Wajir,WAJIR NORTH,2.931162031,39.5873795,0,0,0,0,0,0,0,0,0
NORTH EASTERN,Wajir,WAJIR EAST,2.195672158,40.36685178,12689,2656,31,5171,2470,1999,312,13,37
NORTH EASTERN,Wajir,WAJIR WEST,1.920164855,39.5240015,659,67,0,403,162,5,17,4,1
NORTH EASTERN,Mandera,MANDERA CENTRAL,3.226535113,40.72748791,8209,248,44,3733,1489,1641,940,43,71
NORTH EASTERN,Mandera,MANDERA EAST,3.521529392,41.29294811,12580,2749,95,3082,3459,2707,225,51,212
NORTH EASTERN,Mandera,MANDERA WEST,3.593363344,40.2334622,2526,4,9,2342,44,20,82,17,8
NYANZA,Siaya,SIAYA,0.11399015,34.3043068,120471,3311,440,20133,94705,566,266,976,74
NYANZA,Siaya,BONDO,-0.09212788,34.19064437,26023,302,118,6700,18387,108,50,307,51
NYANZA,Siaya,RARIEDA,-0.218940047,34.33792037,30178,604,129,7485,21384,120,85,325,46
NYANZA,Kisumu,KISUMU EAST,-0.103412297,34.80473358,18041,999,77,3714,12925,99,28,196,3
NYANZA,Kisumu,KISUMU WEST,-0.087587476,34.53285818,31608,1119,125,6121,23663,147,67,355,11
NYANZA,Kisumu,NYANDO,-0.198538171,35.02991504,52448,1047,339,12538,36924,336,213,982,69
NYANZA,Homa Bay,HOMABAY,-0.667961724,34.44445584,65649,1094,268,9449,53783,331,290,383,51
NYANZA,Homa Bay,SUBA,-0.582416527,34.20665004,40405,218,155,8990,30128,137,287,455,35
NYANZA,Homa Bay,RACHUONYO,-0.43493606,34.70386182,67930,1065,290,14945,50058,448,188,893,43
NYANZA,Migori,MIGORI,-0.994047994,34.30280979,51951,451,212,11249,39098,244,267,380,50
NYANZA,Migori,RONGO,-0.877791282,34.51455638,26880,492,134,4682,21055,200,60,244,13
NYANZA,Migori,KURIA WEST,-1.18554383,34.51983447,21501,259,93,6152,14477,130,291,85,14
NYANZA,Migori,KURIA EAST,-1.279753411,34.65699509,13513,45,55,4326,8596,99,265,112,15
NYANZA,Kisii,KISII CENTRAL,-0.589287405,34.79181187,60739,2985,238,19365,36869,388,121,703,70
NYANZA,Kisii,KISII SOUTH,-0.664610487,34.6895693,11355,312,12,1627,9232,66,39,60,7
NYANZA,Kisii,MASABA,-0.793929262,34.88253143,31121,859,114,11644,17919,154,45,379,7
NYANZA,Kisii,GUCHA,-0.846550168,34.77186075,75379,1844,270,27508,44297,495,249,639,77
NYANZA,Kisii,GUCHA SOUTH,-0.847942391,34.65567846,29032,534,85,7750,20130,149,95,251,38
NYANZA,Nyamira,NYAMIRA,-0.549513229,34.96346861,56063,2036,174,21853,31029,313,206,422,30
NYANZA,Nyamira,MANGA,-0.688310175,34.90211779,19295,789,97,8587,9409,146,40,220,7
NYANZA,Nyamira,BORABU,-0.735368659,35.02803793,15615,1185,87,6597,7432,60,17,226,11
NYANZA,Siaya,SIAYA,0.11399015,34.3043068,10234,2663,70,2985,4342,42,29,62,41
NYANZA,Siaya,BONDO,-0.09212788,34.19064437,11273,1539,93,3588,5851,42,9,96,55
NYANZA,Siaya,RARIEDA,-0.218940047,34.33792037,855,196,8,237,397,7,1,6,3
NYANZA,Kisumu,KISUMU EAST,-0.103412297,34.80473358,97461,34641,514,22730,38535,251,139,394,257
NYANZA,Kisumu,KISUMU WEST,-0.087587476,34.53285818,1384,671,17,317,364,2,2,10,1
NYANZA,Kisumu,NYANDO,-0.198538171,35.02991504,25777,3074,184,7123,14867,86,64,328,51
NYANZA,Homa Bay,HOMABAY,-0.667961724,34.44445584,13891,2230,140,3886,7399,67,27,105,37
NYANZA,Homa Bay,SUBA,-0.582416527,34.20665004,4915,636,45,2053,2063,25,3,65,25
NYANZA,Homa Bay,RACHUONYO,-0.43493606,34.70386182,13465,1607,82,4465,7009,59,28,180,35
NYANZA,Migori,MIGORI,-0.994047994,34.30280979,18565,2416,172,7670,7793,89,66,264,95
NYANZA,Migori,RONGO,-0.877791282,34.51455638,41015,4409,264,8952,26605,278,84,367,56
NYANZA,Migori,KURIA WEST,-1.18554383,34.51983447,6786,1479,85,3049,2051,17,18,33,54
NYANZA,Migori,KURIA EAST,-1.279753411,34.65699509,0,0,0,0,0,0,0,0,0
NYANZA,Kisii,KISII CENTRAL,-0.589287405,34.79181187,20687,8914,106,6438,4947,48,18,144,72
NYANZA,Kisii,KISII SOUTH,-0.664610487,34.6895693,12694,1700,40,3591,7169,62,14,94,24
NYANZA,Kisii,MASABA,-0.793929262,34.88253143,19665,1568,103,7046,10611,98,34,183,22
NYANZA,Kisii,GUCHA,-0.846550168,34.77186075,6197,1757,52,2145,2048,19,96,61,19
NYANZA,Kisii,GUCHA SOUTH,-0.847942391,34.65567846,2814,492,13,857,1410,11,0,22,9
NYANZA,Nyamira,NYAMIRA,-0.549513229,34.96346861,13876,2047,84,4970,6516,65,30,147,17
NYANZA,Nyamira,MANGA,-0.688310175,34.90211779,0,0,0,0,0,0,0,0,0
NYANZA,Nyamira,BORABU,-0.735368659,35.02803793,1536,429,11,667,412,2,4,9,2
RIFT VALLEY,Turkana,TURKANA CENTRAL,3.05371677,35.44299468,31217,41,23,1327,1096,172,27397,114,1047
RIFT VALLEY,Turkana,TURKANA NORTH,4.31378822,35.09717514,40422,350,23,794,1369,199,36201,162,1324
RIFT VALLEY,Turkana,TURKANA SOUTH,2.078370044,35.99979492,28437,213,33,2851,3718,164,20878,220,360
RIFT VALLEY,West Pokot,WEST POKOT,1.492414256,35.16354392,26209,418,30,6772,7988,124,10653,168,56
RIFT VALLEY,West Pokot,POKOT NORTH,2.039330692,35.10600361,25966,14,12,1713,2641,117,21153,113,203
RIFT VALLEY,West Pokot,POKOT CENTRAL,1.491213025,35.49402215,32548,114,20,8505,8477,188,14983,141,120
RIFT VALLEY,Samburu,SAMBURU CENTRAL,1.09166901,36.71442163,18300,541,27,1842,5565,117,9846,253,109
RIFT VALLEY,Samburu,SAMBURU EAST,1.081019259,37.47389892,9976,2,98,316,480,63,8818,60,139
RIFT VALLEY,Samburu,SAMBURU NORTH,1.789437949,36.83086912,10051,7,6,439,913,59,8499,68,60
RIFT VALLEY,Trans Nzoia,TRANS NZOIA WEST,0.942674226,34.89426897,47146,1408,343,17501,26804,387,139,457,107
RIFT VALLEY,Trans Nzoia,TRANS NZOIA EAST,1.022635873,35.18029104,39119,1649,156,19335,16812,256,253,534,124
RIFT VALLEY,Trans Nzoia,KWANZA,1.134996095,34.85810469,42605,710,159,12937,27722,299,397,246,135
RIFT VALLEY,Baringo,BARINGO,0.448155493,35.97415916,27309,1712,155,12512,7209,235,4795,574,117
RIFT VALLEY,Baringo,BARINGO NORTH,0.745856425,35.80555092,19734,1190,49,8313,4469,176,5039,406,92
RIFT VALLEY,Baringo,EAST POKOT,1.049001072,36.01860317,21291,46,17,1095,631,148,19105,122,127
RIFT VALLEY,Baringo,KOIBATEK,0.105862677,35.86953085,26523,1549,149,15663,6654,194,1623,617,74
RIFT VALLEY,Uasin Gishu,ELDORET WEST,0.711285558,35.19163187,47151,2661,194,25821,17348,290,119,671,47
RIFT VALLEY,Uasin Gishu,ELDORET EAST,0.563160828,35.41893944,30873,2269,117,20590,6663,177,225,785,47
RIFT VALLEY,Uasin Gishu,WARENG,0.299690606,35.33850049,27773,2095,203,15456,9167,137,98,528,89
RIFT VALLEY,Elgeyo Marakwet,MARAKWET,1.08405524,35.50699822,37581,325,101,15132,12266,262,8856,516,123
RIFT VALLEY,Elgeyo Marakwet,KEIYO,0.489045271,35.57039657,28369,2690,90,15171,7016,155,2694,467,86
RIFT VALLEY,Nandi,NANDI NORTH,0.438611778,35.06077368,31106,1006,87,18027,11171,199,53,510,53
RIFT VALLEY,Nandi,NANDI CENTRAL,0.237462739,35.08490348,28367,1031,104,12619,13941,165,91,390,26
RIFT VALLEY,Nandi,NANDI EAST,0.105368029,35.23779105,25598,1404,81,8179,15492,125,28,267,22
RIFT VALLEY,Nandi,NANDI SOUTH,0.048811478,34.96800793,30768,945,97,11065,18034,165,46,366,50
RIFT VALLEY,Nandi,TINDERET,-0.013491939,35.3167413,14489,323,24,4693,9169,41,53,177,9
RIFT VALLEY,Laikipia,LAIKIPIA NORTH,0.515458301,36.99627658,6360,273,12,1054,2650,61,2118,127,65
RIFT VALLEY,Laikipia,LAIKIPIA EAST,0.093934415,36.95183375,26516,1470,196,10922,10752,213,532,2347,84
RIFT VALLEY,Laikipia,LAIKIPIA WEST,0.39729996,36.5181069,40973,1639,137,16137,17048,360,2528,2977,147
RIFT VALLEY,Nakuru,NAKURU,-0.134672183,36.03461164,33709,5197,124,16264,10076,288,493,1175,92
RIFT VALLEY,Nakuru,NAKURU NORTH,-0.135028953,36.16401596,31938,6369,289,14456,8948,344,93,1362,77
RIFT VALLEY,Nakuru,NAIVASHA,-0.727134387,36.33344468,36293,3496,146,15758,14156,130,461,1759,387
RIFT VALLEY,Nakuru,MOLO,-0.409755795,35.75756717,94283,4840,376,45761,37919,571,1928,2668,220
RIFT VALLEY,Narok,NAROK NORTH,-0.959555087,35.99464674,42982,625,260,11935,24548,291,4450,360,513
RIFT VALLEY,Narok,NAROK SOUTH,-1.402738483,35.5807782,62412,1466,270,21130,29019,289,8031,1203,1004
RIFT VALLEY,Kajiado,KAJIADO CENTRAL,-2.133910157,36.89341002,26352,639,72,5127,18698,85,1114,226,391
RIFT VALLEY,Kajiado,LOITOKITOK,-2.635934635,37.47875865,25565,529,364,5365,17105,122,1218,531,331
RIFT VALLEY,Kericho,KERICHO,-0.34219841,35.21130866,53136,3175,270,24734,23588,285,139,910,35
RIFT VALLEY,Kericho,KIPKELION,-0.155533799,35.47881562,23675,372,37,9321,13206,106,160,446,27
RIFT VALLEY,Bomet,BURET,-0.547074877,35.3033778,58138,2707,215,35781,17074,331,623,1310,97
RIFT VALLEY,Bomet,SOTIK,-0.759704345,35.1490337,33625,765,103,20661,10666,199,119,1053,59
RIFT VALLEY,Bomet,BOMET,-0.840969003,35.31899335,56084,747,151,38772,13354,386,460,1974,240
RIFT VALLEY,Kajiado,KAJIADO NORTH,-1.646437311,36.44660994,34427,9694,234,7119,14578,223,1285,768,526
RIFT VALLEY,Turkana,TURKANA CENTRAL,3.05371677,35.44299468,9903,1569,37,2742,2909,46,1998,255,347
RIFT VALLEY,Turkana,TURKANA NORTH,4.31378822,35.09717514,13212,844,108,2857,4431,113,3420,195,1244
RIFT VALLEY,Turkana,TURKANA SOUTH,2.078370044,35.99979492,0,0,0,0,0,0,0,0,0
RIFT VALLEY,West Pokot,WEST POKOT,1.492414256,35.16354392,9054,1910,42,3890,2915,38,191,47,21
RIFT VALLEY,West Pokot,POKOT CENTRAL,1.491213025,35.49402215,0,0,0,0,0,0,0,0,0
RIFT VALLEY,Samburu,SAMBURU CENTRAL,1.09166901,36.71442163,4520,2172,24,1021,1033,104,99,49,18
RIFT VALLEY,Samburu,SAMBURU EAST,1.081019259,37.47389892,2859,181,9,1016,704,11,704,188,46
RIFT VALLEY,Samburu,SAMBURU NORTH,1.789437949,36.83086912,1648,46,1,440,544,90,485,40,2
RIFT VALLEY,Trans Nzoia,TRANS NZOIA WEST,0.942674226,34.89426897,37131,11177,291,14775,10263,122,193,192,118
RIFT VALLEY,Trans Nzoia,TRANS NZOIA EAST,1.022635873,35.18029104,0,0,0,0,0,0,0,0,0
RIFT VALLEY,Trans Nzoia,KWANZA,1.134996095,34.85810469,4116,177,28,1423,2434,24,12,13,5
RIFT VALLEY,Baringo,BARINGO,0.448155493,35.97415916,7629,3434,36,2588,1323,26,142,57,23
RIFT VALLEY,Baringo,BARINGO NORTH,0.745856425,35.80555092,0,0,0,0,0,0,0,0,0
RIFT VALLEY,Baringo,EAST POKOT,1.049001072,36.01860317,0,0,0,0,0,0,0,0,0
RIFT VALLEY,Baringo,KOIBATEK,0.105862677,35.86953085,8163,2652,31,3317,1952,17,30,126,38
RIFT VALLEY,Uasin Gishu,ELDORET WEST,0.711285558,35.19163187,41805,22290,382,10363,8301,59,95,109,206
RIFT VALLEY,Uasin Gishu,ELDORET EAST,0.563160828,35.41893944,20596,12241,148,5519,2305,43,34,71,235
RIFT VALLEY,Uasin Gishu,WARENG,0.299690606,35.33850049,34093,14978,174,11482,6722,76,57,193,411
RIFT VALLEY,Elgeyo Marakwet,MARAKWET,1.08405524,35.50699822,1916,670,1,823,372,2,22,18,8
RIFT VALLEY,Elgeyo Marakwet,KEIYO,0.489045271,35.57039657,9689,1862,28,5195,2237,30,172,154,11
RIFT VALLEY,Nandi,NANDI NORTH,0.438611778,35.06077368,980,274,2,521,169,2,0,5,7
RIFT VALLEY,Nandi,NANDI CENTRAL,0.237462739,35.08490348,19992,4210,99,8837,6470,73,41,192,70
RIFT VALLEY,Nandi,NANDI EAST,0.105368029,35.23779105,2773,595,10,924,1192,26,4,13,9
RIFT VALLEY,Nandi,NANDI SOUTH,0.048811478,34.96800793,0,0,0,0,0,0,0,0,0
RIFT VALLEY,Nandi,TINDERET,-0.013491939,35.3167413,0,0,0,0,0,0,0,0,0
RIFT VALLEY,Laikipia,LAIKIPIA NORTH,0.515458301,36.99627658,373,2,0,239,91,1,14,21,5
RIFT VALLEY,Laikipia,LAIKIPIA EAST,0.093934415,36.95183375,14160,7668,128,3807,1927,34,53,470,73
RIFT VALLEY,Laikipia,LAIKIPIA WEST,0.39729996,36.5181069,14732,7170,69,4207,2945,71,31,185,54
RIFT VALLEY,Nakuru,NAKURU,-0.134672183,36.03461164,96132,66804,475,16228,11448,138,166,361,512
RIFT VALLEY,Nakuru,NAKURU NORTH,-0.135028953,36.16401596,19286,10530,277,5566,2420,107,25,276,85
RIFT VALLEY,Nakuru,NAIVASHA,-0.727134387,36.33344468,69025,33839,419,21703,10935,296,148,1319,366
RIFT VALLEY,Nakuru,MOLO,-0.409755795,35.75756717,29170,8355,165,12214,7703,120,84,341,188
RIFT VALLEY,Narok,NAROK NORTH,-0.959555087,35.99464674,12903,6398,79,3995,2175,32,28,92,104
RIFT VALLEY,Narok,NAROK SOUTH,-1.402738483,35.5807782,0,0,0,0,0,0,0,0,0
RIFT VALLEY,Kajiado,KAJIADO CENTRAL,-2.133910157,36.89341002,9051,5247,71,2089,1426,14,72,38,94
RIFT VALLEY,Kajiado,LOITOKITOK,-2.635934635,37.47875865,4138,1406,40,1801,811,11,8,41,20
RIFT VALLEY,Kericho,KERICHO,-0.34219841,35.21130866,32135,10432,143,13326,7716,104,33,277,104
RIFT VALLEY,Kericho,KIPKELION,-0.155533799,35.47881562,18635,1026,55,11484,5365,92,29,538,46
RIFT VALLEY,Bomet,BURET,-0.547074877,35.3033778,5518,999,16,3459,889,28,15,68,44
RIFT VALLEY,Bomet,SOTIK,-0.759704345,35.1490337,2311,675,24,1057,493,7,10,12,33
RIFT VALLEY,Bomet,BOMET,-0.840969003,35.31899335,19238,1659,72,13581,2958,184,217,541,26
RIFT VALLEY,Kajiado,KAJIADO NORTH,-1.646437311,36.44660994,73931,51583,649,11287,9413,251,107,223,418
WESTERN,Kakamega,KAKAMEGA CENTRAL,0.350512813,34.6856109,41352,1087,157,9442,29906,344,88,307,21
WESTERN,Kakamega,KAKAMEGA SOUTH,0.190561619,34.7077479,23144,674,86,6612,15231,297,49,185,10
WESTERN,Kakamega,KAKAMEGA NORTH,0.473620028,34.82641205,39404,548,176,9958,27991,293,141,258,39
WESTERN,Kakamega,KAKAMEGA EAST,0.273804872,34.85789384,33661,1396,147,10727,20651,261,202,236,41
WESTERN,Kakamega,LUGARI,0.723211024,35.02947866,54680,1651,401,24313,27011,343,292,580,89
WESTERN,Vihiga,VIHIGA,0.079761357,34.72682968,20645,1211,91,6699,12308,199,30,100,7
WESTERN,Vihiga,EMUHAYA,0.057677852,34.60778185,31382,1040,77,5846,23640,319,200,250,10
WESTERN,Vihiga,HAMISI,0.099070606,34.82143608,32096,2194,160,10482,18551,226,227,198,58
WESTERN,Kakamega,MUMIAS,0.35427418,34.48762031,50730,569,170,10070,39027,383,272,219,20
WESTERN,Kakamega,BUTERE,0.192421093,34.54564535,51518,882,188,10817,38542,423,179,449,38
WESTERN,Bungoma,BUNGOMA SOUTH,0.56139561,34.52131934,61280,1101,279,12712,45994,478,482,206,28
WESTERN,Bungoma,BUNGOMA NORTH,0.783636675,34.86452529,41915,700,235,14848,25223,287,82,416,124
WESTERN,Bungoma,BUNGOMA EAST,0.63973936,34.73645726,31961,637,166,8493,22264,167,56,165,13
WESTERN,Bungoma,BUNGOMA WEST,0.718594776,34.54143282,40157,396,171,10306,28736,271,122,120,35
WESTERN,Bungoma,MT. ELGON,0.928746904,34.59729929,30165,161,40,5055,24047,164,591,68,39
WESTERN,Busia,BUSIA,0.413063265,34.26474625,58210,1172,215,12241,43634,293,353,256,46
WESTERN,Busia,TESO NORTH,0.685653144,34.34692124,13491,171,32,2904,10237,60,25,52,10
WESTERN,Busia,SAMIA,0.249684994,34.08114406,19395,635,37,3580,14836,141,20,135,11
WESTERN,Busia,BUNYALA,0.085563847,34.02046792,13535,380,47,1945,11040,38,18,42,25
WESTERN,Busia,TESO SOUTH,0.545069632,34.22063324,21346,256,35,3497,17203,91,120,65,79
WESTERN,Kakamega,KAKAMEGA CENTRAL,0.350512813,34.6856109,23769,7852,179,8014,7324,89,68,130,113
WESTERN,Kakamega,KAKAMEGA NORTH,0.473620028,34.82641205,1231,283,16,538,362,8,1,19,4
WESTERN,Kakamega,KAKAMEGA EAST,0.273804872,34.85789384,516,94,3,144,263,6,0,1,5
WESTERN,Kakamega,LUGARI,0.723211024,35.02947866,4796,906,41,2135,1608,22,22,36,26
WESTERN,Vihiga,VIHIGA,0.079761357,34.72682968,27576,3315,125,10031,13653,194,85,132,41
WESTERN,Vihiga,EMUHAYA,0.057677852,34.60778185,11648,918,94,2074,8328,100,40,81,13
WESTERN,Vihiga,HAMISI,0.099070606,34.82143608,0,0,0,0,0,0,0,0,0
WESTERN,Kakamega,MUMIAS,0.35427418,34.48762031,27955,3574,212,6752,16966,227,50,110,64
WESTERN,Kakamega,BUTERE,0.192421093,34.54564535,2923,443,15,634,1768,22,3,25,13
WESTERN,Bungoma,BUNGOMA SOUTH,0.56139561,34.52131934,22015,4911,228,6694,9836,107,61,93,85
WESTERN,Bungoma,BUNGOMA NORTH,0.783636675,34.86452529,19571,1134,109,5803,12243,143,33,53,53
WESTERN,Bungoma,BUNGOMA EAST,0.63973936,34.73645726,13973,2405,79,5112,6169,60,19,74,55
WESTERN,Bungoma,BUNGOMA WEST,0.718594776,34.54143282,7491,425,39,2377,4553,22,36,15,24
WESTERN,Bungoma,MT. ELGON,0.928746904,34.59729929,2296,349,5,856,1055,5,11,13,2
WESTERN,Busia,BUSIA,0.413063265,34.26474625,10571,2742,72,4040,3570,26,10,30,81
WESTERN,Busia,TESO NORTH,0.685653144,34.34692124,9941,1692,22,2634,5445,43,9,40,56
WESTERN,Busia,SAMIA,0.249684994,34.08114406,0,0,0,0,0,0,0,0,0
WESTERN,Busia,BUNYALA,0.085563847,34.02046792,1710,233,4,601,856,3,5,0,8
WESTERN,Busia,TESO SOUTH,0.545069632,34.22063324,6026,1972,30,1841,2128,14,6,13,22
